Threads,Total_Time_ms,Time_Per_Iteration_ms
1,9772,76.34375
2,5018,39.203125
4,2642,20.640625
8,1831,14.3046875
16,1213,9.4765625
24,1116,8.71875
28,1016,7.9375
32,1161,9.0703125
36,1208,9.4375
